Configuration,Model,Behavioral Value fn.,Method's Value fn.
"{""activation_function"": ""elu"", ""add_ll_batch_norm"": true, ""n_epoch"": 90, ""num_layers"": 4, ""optimizer_lr"": 0.07}",Tao,,
"{""activation_function"": ""elu"", ""add_ll_batch_norm"": true, ""n_epoch"": 90, ""num_layers"": 4, ""optimizer_lr"": 0.07}",DS,,164.8785367012024
"{""activation_function"": ""elu"", ""add_ll_batch_norm"": true, ""n_epoch"": 90, ""num_layers"": 4, ""optimizer_lr"": 0.07}",DQL,,159.46609779883175
"{""activation_function"": ""elu"", ""add_ll_batch_norm"": true, ""n_epoch"": 90, ""num_layers"": 4, ""optimizer_lr"": 0.07}",Behavioral,,159.795478515625
