Configuration,Model,Behavioral Value fn.,Method's Value fn.
"{""activation_function"": ""elu"", ""add_ll_batch_norm"": true, ""n_epoch"": 90, ""num_layers"": 4, ""optimizer_lr"": 0.07}",Tao,,164.53417646408082
"{""activation_function"": ""elu"", ""add_ll_batch_norm"": true, ""n_epoch"": 90, ""num_layers"": 4, ""optimizer_lr"": 0.07}",DS,,167.9475353240967
"{""activation_function"": ""elu"", ""add_ll_batch_norm"": true, ""n_epoch"": 90, ""num_layers"": 4, ""optimizer_lr"": 0.07}",DQL,,133.61796305179595
"{""activation_function"": ""elu"", ""add_ll_batch_norm"": true, ""n_epoch"": 90, ""num_layers"": 4, ""optimizer_lr"": 0.07}",Behavioral,,159.795478515625
