Configuration,Model,Behavioral Value fn.,Method's Value fn.
"{""activation_function"": ""elu"", ""add_ll_batch_norm"": true, ""n_epoch"": 90, ""num_layers"": 4, ""optimizer_lr"": 0.07}",Tao,,164.53417646408082
"{""activation_function"": ""elu"", ""add_ll_batch_norm"": true, ""n_epoch"": 90, ""num_layers"": 4, ""optimizer_lr"": 0.07}",DS,,164.870486907959
"{""activation_function"": ""elu"", ""add_ll_batch_norm"": true, ""n_epoch"": 90, ""num_layers"": 4, ""optimizer_lr"": 0.07}",DQL,,123.89396911144257
"{""activation_function"": ""elu"", ""add_ll_batch_norm"": true, ""n_epoch"": 90, ""num_layers"": 4, ""optimizer_lr"": 0.07}",Behavioral,,159.795478515625
